<?xml version='1.0' encoding='utf-8'?>
<project xmlns:ns1="http://www.plcopen.org/xml/tc6_0201" xmlns:xhtml="http://www.w3.org/1999/xhtml" xmlns:xsd="http://www.w3.org/2001/XMLSchema" xmlns="http://www.plcopen.org/xml/tc6_0201">
  <fileHeader companyName="Unknown" productName="Unnamed" productVersion="1" creationDateTime="2021-05-11T15:41:27"/>
  <contentHeader name="Unnamed" modificationDateTime="2021-08-18T15:04:02">
    <coordinateInfo>
      <fbd>
        <scaling x="10" y="10"/>
      </fbd>
      <ld>
        <scaling x="10" y="10"/>
      </ld>
      <sfc>
        <scaling x="10" y="10"/>
      </sfc>
    </coordinateInfo>
  </contentHeader>
  <types>
    <dataTypes/>
    <pous>
      <pou name="SD_P" pouType="program">
        <interface>
          <localVars>
            <variable name="TIME_IN" address="%MD0">
              <type>
                <REAL/>
              </type>
            </variable>
            <variable name="TIME_OUT" address="%MD1">
              <type>
                <REAL/>
              </type>
            </variable>
            <variable name="CD_Press" address="%MD2">
              <type>
                <REAL/>
              </type>
            </variable>
            <variable name="CC_Pump_Speed" address="%MD3">
              <type>
                <REAL/>
              </type>
            </variable>
            <variable name="CC_OnOff" address="%MD4">
              <type>
                <REAL/>
              </type>
              <initialValue>
                <simpleValue value="1.0"/>
              </initialValue>
            </variable>
            <variable name="MANIPIO_CONTROL" address="%MD5">
              <type>
                <REAL/>
              </type>
              <initialValue>
                <simpleValue value="0.0"/>
              </initialValue>
            </variable>
            <variable name="KPI" address="%MD6">
              <type>
                <REAL/>
              </type>
              <initialValue>
                <simpleValue value="0.01"/>
              </initialValue>
            </variable>
            <variable name="Ti" address="%MD7">
              <type>
                <REAL/>
              </type>
              <initialValue>
                <simpleValue value="10.0"/>
              </initialValue>
            </variable>
            <variable name="SET_POINT" address="%MD8">
              <type>
                <REAL/>
              </type>
              <initialValue>
                <simpleValue value="5199.6"/>
              </initialValue>
            </variable>
            <variable name="INIT" address="%MD9">
              <type>
                <REAL/>
              </type>
              <initialValue>
                <simpleValue value="95.0"/>
              </initialValue>
            </variable>
          </localVars>
          <localVars>
            <variable name="INTEGRAL0">
              <type>
                <derived name="INTEGRAL"/>
              </type>
            </variable>
          </localVars>
        </interface>
        <body>
          <LD>
            <inVariable localId="1" height="30" width="70" negated="false">
              <position x="650" y="70"/>
              <connectionPointOut>
                <relPosition x="70" y="10"/>
              </connectionPointOut>
              <expression>TIME_IN</expression>
            </inVariable>
            <outVariable localId="2" height="30" width="80" negated="false">
              <position x="850" y="70"/>
              <connectionPointIn>
                <relPosition x="0" y="20"/>
                <connection refLocalId="1">
                  <position x="850" y="90"/>
                  <position x="720" y="90"/>
                </connection>
              </connectionPointIn>
              <expression>TIME_OUT</expression>
            </outVariable>
            <block localId="3" typeName="INTEGRAL" instanceName="INTEGRAL0" height="120" width="90">
              <position x="1450" y="320"/>
              <inputVariables>
                <variable formalParameter="RUN">
                  <connectionPointIn>
                    <relPosition x="0" y="30"/>
                    <connection refLocalId="16">
                      <position x="1450" y="350"/>
                      <position x="1425" y="350"/>
                      <position x="1425" y="320"/>
                      <position x="1400" y="320"/>
                    </connection>
                  </connectionPointIn>
                </variable>
                <variable formalParameter="R1">
                  <connectionPointIn>
                    <relPosition x="0" y="50"/>
                    <connection refLocalId="30" formalParameter="OUT">
                      <position x="1450" y="370"/>
                      <position x="1330" y="370"/>
                      <position x="1330" y="340"/>
                      <position x="1310" y="340"/>
                    </connection>
                  </connectionPointIn>
                </variable>
                <variable formalParameter="XIN">
                  <connectionPointIn>
                    <relPosition x="0" y="70"/>
                    <connection refLocalId="6" formalParameter="OUT">
                      <position x="1450" y="390"/>
                      <position x="1112" y="390"/>
                      <position x="1112" y="320"/>
                      <position x="1090" y="320"/>
                    </connection>
                  </connectionPointIn>
                </variable>
                <variable formalParameter="X0">
                  <connectionPointIn>
                    <relPosition x="0" y="90"/>
                    <connection refLocalId="15">
                      <position x="1450" y="410"/>
                      <position x="1310" y="410"/>
                    </connection>
                  </connectionPointIn>
                </variable>
                <variable formalParameter="CYCLE">
                  <connectionPointIn>
                    <relPosition x="0" y="110"/>
                    <connection refLocalId="5">
                      <position x="1450" y="430"/>
                      <position x="1420" y="430"/>
                      <position x="1420" y="440"/>
                      <position x="1390" y="440"/>
                    </connection>
                  </connectionPointIn>
                </variable>
              </inputVariables>
              <inOutVariables/>
              <outputVariables>
                <variable formalParameter="Q">
                  <connectionPointOut>
                    <relPosition x="90" y="30"/>
                  </connectionPointOut>
                </variable>
                <variable formalParameter="XOUT">
                  <connectionPointOut>
                    <relPosition x="90" y="50"/>
                  </connectionPointOut>
                </variable>
              </outputVariables>
            </block>
            <inVariable localId="4" height="30" width="82" negated="false">
              <position x="310" y="270"/>
              <connectionPointOut>
                <relPosition x="82" y="10"/>
              </connectionPointOut>
              <expression>CD_Press</expression>
            </inVariable>
            <inVariable localId="5" height="30" width="70" negated="false">
              <position x="1320" y="420"/>
              <connectionPointOut>
                <relPosition x="70" y="20"/>
              </connectionPointOut>
              <expression>T#100ms</expression>
            </inVariable>
            <block localId="6" typeName="SEL" height="80" width="70">
              <position x="1020" y="290"/>
              <inputVariables>
                <variable formalParameter="G">
                  <connectionPointIn>
                    <relPosition x="0" y="30"/>
                    <connection refLocalId="21" formalParameter="OUT">
                      <position x="1020" y="320"/>
                      <position x="1010" y="320"/>
                      <position x="1010" y="530"/>
                      <position x="1870" y="530"/>
                      <position x="1870" y="420"/>
                      <position x="1860" y="420"/>
                    </connection>
                  </connectionPointIn>
                </variable>
                <variable formalParameter="IN0">
                  <connectionPointIn>
                    <relPosition x="0" y="50"/>
                    <connection refLocalId="13">
                      <position x="1020" y="340"/>
                      <position x="1000" y="340"/>
                      <position x="1000" y="330"/>
                      <position x="980" y="330"/>
                    </connection>
                  </connectionPointIn>
                </variable>
                <variable formalParameter="IN1">
                  <connectionPointIn>
                    <relPosition x="0" y="70"/>
                    <connection refLocalId="12" formalParameter="OUT">
                      <position x="1020" y="360"/>
                      <position x="930" y="360"/>
                    </connection>
                  </connectionPointIn>
                </variable>
              </inputVariables>
              <inOutVariables/>
              <outputVariables>
                <variable formalParameter="OUT">
                  <connectionPointOut>
                    <relPosition x="70" y="30"/>
                  </connectionPointOut>
                </variable>
              </outputVariables>
            </block>
            <block localId="7" typeName="MUL" height="60" width="70">
              <position x="610" y="240"/>
              <inputVariables>
                <variable formalParameter="IN1">
                  <connectionPointIn>
                    <relPosition x="0" y="30"/>
                    <connection refLocalId="27" formalParameter="OUT">
                      <position x="610" y="270"/>
                      <position x="580" y="270"/>
                      <position x="580" y="250"/>
                      <position x="550" y="250"/>
                    </connection>
                  </connectionPointIn>
                </variable>
                <variable formalParameter="IN2">
                  <connectionPointIn>
                    <relPosition x="0" y="50"/>
                    <connection refLocalId="8">
                      <position x="610" y="290"/>
                      <position x="590" y="290"/>
                      <position x="590" y="320"/>
                      <position x="570" y="320"/>
                    </connection>
                  </connectionPointIn>
                </variable>
              </inputVariables>
              <inOutVariables/>
              <outputVariables>
                <variable formalParameter="OUT">
                  <connectionPointOut>
                    <relPosition x="70" y="30"/>
                  </connectionPointOut>
                </variable>
              </outputVariables>
            </block>
            <inVariable localId="8" height="30" width="40" negated="false">
              <position x="530" y="300"/>
              <connectionPointOut>
                <relPosition x="40" y="10"/>
              </connectionPointOut>
              <expression>KPI</expression>
            </inVariable>
            <block localId="9" typeName="DIV" height="60" width="70">
              <position x="750" y="350"/>
              <inputVariables>
                <variable formalParameter="IN1">
                  <connectionPointIn>
                    <relPosition x="0" y="30"/>
                    <connection refLocalId="10">
                      <position x="750" y="380"/>
                      <position x="730" y="380"/>
                      <position x="730" y="370"/>
                      <position x="710" y="370"/>
                    </connection>
                  </connectionPointIn>
                </variable>
                <variable formalParameter="IN2">
                  <connectionPointIn>
                    <relPosition x="0" y="50"/>
                    <connection refLocalId="11">
                      <position x="750" y="400"/>
                      <position x="730" y="400"/>
                      <position x="730" y="410"/>
                      <position x="710" y="410"/>
                    </connection>
                  </connectionPointIn>
                </variable>
              </inputVariables>
              <inOutVariables/>
              <outputVariables>
                <variable formalParameter="OUT">
                  <connectionPointOut>
                    <relPosition x="70" y="30"/>
                  </connectionPointOut>
                </variable>
              </outputVariables>
            </block>
            <inVariable localId="10" height="30" width="40" negated="false">
              <position x="670" y="350"/>
              <connectionPointOut>
                <relPosition x="40" y="20"/>
              </connectionPointOut>
              <expression>1.0</expression>
            </inVariable>
            <inVariable localId="11" height="30" width="30" negated="false">
              <position x="680" y="390"/>
              <connectionPointOut>
                <relPosition x="30" y="20"/>
              </connectionPointOut>
              <expression>Ti</expression>
            </inVariable>
            <block localId="12" typeName="MUL" height="60" width="70" executionOrderId="0">
              <position x="860" y="330"/>
              <inputVariables>
                <variable formalParameter="IN1">
                  <connectionPointIn>
                    <relPosition x="0" y="30"/>
                    <connection refLocalId="7" formalParameter="OUT">
                      <position x="860" y="360"/>
                      <position x="840" y="360"/>
                      <position x="840" y="270"/>
                      <position x="680" y="270"/>
                    </connection>
                  </connectionPointIn>
                </variable>
                <variable formalParameter="IN2">
                  <connectionPointIn>
                    <relPosition x="0" y="50"/>
                    <connection refLocalId="9" formalParameter="OUT">
                      <position x="860" y="380"/>
                      <position x="820" y="380"/>
                    </connection>
                  </connectionPointIn>
                </variable>
              </inputVariables>
              <inOutVariables/>
              <outputVariables>
                <variable formalParameter="OUT">
                  <connectionPointOut>
                    <relPosition x="70" y="30"/>
                  </connectionPointOut>
                </variable>
              </outputVariables>
            </block>
            <inVariable localId="13" height="30" width="40" negated="false">
              <position x="940" y="320"/>
              <connectionPointOut>
                <relPosition x="40" y="10"/>
              </connectionPointOut>
              <expression>0.0</expression>
            </inVariable>
            <block localId="14" typeName="ADD" height="60" width="70">
              <position x="1570" y="240"/>
              <inputVariables>
                <variable formalParameter="IN1">
                  <connectionPointIn>
                    <relPosition x="0" y="30"/>
                    <connection refLocalId="7" formalParameter="OUT">
                      <position x="1570" y="270"/>
                      <position x="680" y="270"/>
                    </connection>
                  </connectionPointIn>
                </variable>
                <variable formalParameter="IN2">
                  <connectionPointIn>
                    <relPosition x="0" y="50"/>
                    <connection refLocalId="3" formalParameter="XOUT">
                      <position x="1570" y="290"/>
                      <position x="1560" y="290"/>
                      <position x="1560" y="370"/>
                      <position x="1540" y="370"/>
                    </connection>
                  </connectionPointIn>
                </variable>
              </inputVariables>
              <inOutVariables/>
              <outputVariables>
                <variable formalParameter="OUT">
                  <connectionPointOut>
                    <relPosition x="70" y="30"/>
                  </connectionPointOut>
                </variable>
              </outputVariables>
            </block>
            <inVariable localId="15" height="30" width="50" negated="false" executionOrderId="0">
              <position x="1260" y="400"/>
              <connectionPointOut>
                <relPosition x="50" y="10"/>
              </connectionPointOut>
              <expression>INIT</expression>
            </inVariable>
            <inVariable localId="16" height="30" width="50" negated="false">
              <position x="1350" y="310"/>
              <connectionPointOut>
                <relPosition x="50" y="10"/>
              </connectionPointOut>
              <expression>1</expression>
            </inVariable>
            <inVariable localId="17" height="30" width="50" negated="false">
              <position x="1150" y="350"/>
              <connectionPointOut>
                <relPosition x="50" y="10"/>
              </connectionPointOut>
              <expression>0.0</expression>
            </inVariable>
            <block localId="18" typeName="LIMIT" height="80" width="60">
              <position x="1790" y="220"/>
              <inputVariables>
                <variable formalParameter="MN">
                  <connectionPointIn>
                    <relPosition x="0" y="30"/>
                    <connection refLocalId="19">
                      <position x="1790" y="250"/>
                      <position x="1750" y="250"/>
                    </connection>
                  </connectionPointIn>
                </variable>
                <variable formalParameter="IN">
                  <connectionPointIn>
                    <relPosition x="0" y="50"/>
                    <connection refLocalId="14" formalParameter="OUT">
                      <position x="1790" y="270"/>
                      <position x="1640" y="270"/>
                    </connection>
                  </connectionPointIn>
                </variable>
                <variable formalParameter="MX">
                  <connectionPointIn>
                    <relPosition x="0" y="70"/>
                    <connection refLocalId="20">
                      <position x="1790" y="290"/>
                      <position x="1750" y="290"/>
                    </connection>
                  </connectionPointIn>
                </variable>
              </inputVariables>
              <inOutVariables/>
              <outputVariables>
                <variable formalParameter="OUT">
                  <connectionPointOut>
                    <relPosition x="60" y="30"/>
                  </connectionPointOut>
                </variable>
              </outputVariables>
            </block>
            <inVariable localId="19" height="30" width="40" negated="false">
              <position x="1710" y="230"/>
              <connectionPointOut>
                <relPosition x="40" y="20"/>
              </connectionPointOut>
              <expression>0.0</expression>
            </inVariable>
            <inVariable localId="20" height="30" width="50" negated="false">
              <position x="1700" y="280"/>
              <connectionPointOut>
                <relPosition x="50" y="10"/>
              </connectionPointOut>
              <expression>120.0</expression>
            </inVariable>
            <block localId="21" typeName="EQ" height="60" width="70">
              <position x="1790" y="390"/>
              <inputVariables>
                <variable formalParameter="IN1">
                  <connectionPointIn>
                    <relPosition x="0" y="30"/>
                    <connection refLocalId="18" formalParameter="OUT">
                      <position x="1790" y="420"/>
                      <position x="1780" y="420"/>
                      <position x="1780" y="335"/>
                      <position x="1860" y="335"/>
                      <position x="1860" y="250"/>
                      <position x="1850" y="250"/>
                    </connection>
                  </connectionPointIn>
                </variable>
                <variable formalParameter="IN2">
                  <connectionPointIn>
                    <relPosition x="0" y="50"/>
                    <connection refLocalId="14" formalParameter="OUT">
                      <position x="1790" y="440"/>
                      <position x="1650" y="440"/>
                      <position x="1650" y="270"/>
                      <position x="1640" y="270"/>
                    </connection>
                  </connectionPointIn>
                </variable>
              </inputVariables>
              <inOutVariables/>
              <outputVariables>
                <variable formalParameter="OUT">
                  <connectionPointOut>
                    <relPosition x="70" y="30"/>
                  </connectionPointOut>
                </variable>
              </outputVariables>
            </block>
            <outVariable localId="22" height="30" width="130" negated="false">
              <position x="2170" y="210"/>
              <connectionPointIn>
                <relPosition x="0" y="20"/>
                <connection refLocalId="23" formalParameter="OUT">
                  <position x="2170" y="230"/>
                  <position x="2110" y="230"/>
                </connection>
              </connectionPointIn>
              <expression>CC_Pump_Speed</expression>
            </outVariable>
            <block localId="23" typeName="SEL" height="80" width="70">
              <position x="2040" y="200"/>
              <inputVariables>
                <variable formalParameter="G">
                  <connectionPointIn>
                    <relPosition x="0" y="30"/>
                    <connection refLocalId="24" formalParameter="OUT">
                      <position x="2040" y="230"/>
                      <position x="2005" y="230"/>
                      <position x="2005" y="150"/>
                      <position x="1970" y="150"/>
                    </connection>
                  </connectionPointIn>
                </variable>
                <variable formalParameter="IN0">
                  <connectionPointIn>
                    <relPosition x="0" y="50"/>
                    <connection refLocalId="18" formalParameter="OUT">
                      <position x="2040" y="250"/>
                      <position x="1850" y="250"/>
                    </connection>
                  </connectionPointIn>
                </variable>
                <variable formalParameter="IN1">
                  <connectionPointIn>
                    <relPosition x="0" y="70"/>
                    <connection refLocalId="29">
                      <position x="2040" y="270"/>
                      <position x="2030" y="270"/>
                      <position x="2030" y="300"/>
                      <position x="2060" y="300"/>
                      <position x="2060" y="330"/>
                      <position x="2050" y="330"/>
                    </connection>
                  </connectionPointIn>
                </variable>
              </inputVariables>
              <inOutVariables/>
              <outputVariables>
                <variable formalParameter="OUT">
                  <connectionPointOut>
                    <relPosition x="70" y="30"/>
                  </connectionPointOut>
                </variable>
              </outputVariables>
            </block>
            <block localId="24" typeName="EQ" height="60" width="70">
              <position x="1900" y="120"/>
              <inputVariables>
                <variable formalParameter="IN1">
                  <connectionPointIn>
                    <relPosition x="0" y="30"/>
                    <connection refLocalId="25">
                      <position x="1900" y="150"/>
                      <position x="1880" y="150"/>
                      <position x="1880" y="130"/>
                      <position x="1860" y="130"/>
                    </connection>
                  </connectionPointIn>
                </variable>
                <variable formalParameter="IN2">
                  <connectionPointIn>
                    <relPosition x="0" y="50"/>
                    <connection refLocalId="26">
                      <position x="1900" y="170"/>
                      <position x="1860" y="170"/>
                    </connection>
                  </connectionPointIn>
                </variable>
              </inputVariables>
              <inOutVariables/>
              <outputVariables>
                <variable formalParameter="OUT">
                  <connectionPointOut>
                    <relPosition x="70" y="30"/>
                  </connectionPointOut>
                </variable>
              </outputVariables>
            </block>
            <inVariable localId="25" height="30" width="130" negated="false">
              <position x="1730" y="120"/>
              <connectionPointOut>
                <relPosition x="130" y="10"/>
              </connectionPointOut>
              <expression>MANIPIO_CONTROL</expression>
            </inVariable>
            <inVariable localId="26" height="30" width="40" negated="false">
              <position x="1820" y="160"/>
              <connectionPointOut>
                <relPosition x="40" y="10"/>
              </connectionPointOut>
              <expression>1.0</expression>
            </inVariable>
            <block localId="27" typeName="SUB" height="60" width="70">
              <position x="480" y="220"/>
              <inputVariables>
                <variable formalParameter="IN1">
                  <connectionPointIn>
                    <relPosition x="0" y="30"/>
                    <connection refLocalId="28">
                      <position x="480" y="250"/>
                      <position x="440" y="250"/>
                      <position x="440" y="220"/>
                      <position x="400" y="220"/>
                    </connection>
                  </connectionPointIn>
                </variable>
                <variable formalParameter="IN2">
                  <connectionPointIn>
                    <relPosition x="0" y="50"/>
                    <connection refLocalId="4">
                      <position x="480" y="270"/>
                      <position x="412" y="270"/>
                      <position x="412" y="280"/>
                      <position x="392" y="280"/>
                    </connection>
                  </connectionPointIn>
                </variable>
              </inputVariables>
              <inOutVariables/>
              <outputVariables>
                <variable formalParameter="OUT">
                  <connectionPointOut>
                    <relPosition x="70" y="30"/>
                  </connectionPointOut>
                </variable>
              </outputVariables>
            </block>
            <inVariable localId="28" height="30" width="90" negated="false">
              <position x="310" y="200"/>
              <connectionPointOut>
                <relPosition x="90" y="10"/>
              </connectionPointOut>
              <expression>SET_POINT</expression>
            </inVariable>
            <inVariable localId="29" height="30" width="130" negated="false">
              <position x="1920" y="320"/>
              <connectionPointOut>
                <relPosition x="130" y="10"/>
              </connectionPointOut>
              <expression>CC_Pump_Speed</expression>
            </inVariable>
            <block localId="30" typeName="EQ" height="60" width="70">
              <position x="1240" y="310"/>
              <inputVariables>
                <variable formalParameter="IN1">
                  <connectionPointIn>
                    <relPosition x="0" y="30"/>
                    <connection refLocalId="31">
                      <position x="1240" y="340"/>
                      <position x="1220" y="340"/>
                      <position x="1220" y="310"/>
                      <position x="1200" y="310"/>
                    </connection>
                  </connectionPointIn>
                </variable>
                <variable formalParameter="IN2">
                  <connectionPointIn>
                    <relPosition x="0" y="50"/>
                    <connection refLocalId="17">
                      <position x="1240" y="360"/>
                      <position x="1200" y="360"/>
                    </connection>
                  </connectionPointIn>
                </variable>
              </inputVariables>
              <inOutVariables/>
              <outputVariables>
                <variable formalParameter="OUT">
                  <connectionPointOut>
                    <relPosition x="70" y="30"/>
                  </connectionPointOut>
                </variable>
              </outputVariables>
            </block>
            <inVariable localId="31" height="30" width="70" negated="false" executionOrderId="0">
              <position x="1130" y="290"/>
              <connectionPointOut>
                <relPosition x="70" y="20"/>
              </connectionPointOut>
              <expression>TIME_IN</expression>
            </inVariable>
          </LD>
        </body>
      </pou>
    </pous>
  </types>
  <instances>
    <configurations>
      <configuration name="Config0">
        <resource name="Res0">
          <task name="task0" priority="0" interval="T#100ms">
            <pouInstance name="instance0" typeName="SD_P"/>
          </task>
        </resource>
      </configuration>
    </configurations>
  </instances>
</project>
